{
    "ds": "./ds.h5",
    "figs": {},
    "results": {
        "q1": {
            "angle": 1.381885267074216,
            "threshold": -0.00011154594751722723,
            "fidelity": 50.37499999999999,
            "confusion_matrix": "./arrays.npz#results.q1.confusion_matrix",
            "rus_threshold": -0.0001085745874638122
        },
        "q2": {
            "angle": 0.05108717996224721,
            "threshold": 0.0001782826737866585,
            "fidelity": 96.825,
            "confusion_matrix": "./arrays.npz#results.q2.confusion_matrix",
            "rus_threshold": 0.00010337231192286308
        },
        "q3": {
            "angle": 5.875095190254319,
            "threshold": 0.00026894235390730905,
            "fidelity": 86.97500000000001,
            "confusion_matrix": "./arrays.npz#results.q3.confusion_matrix",
            "rus_threshold": 0.00012076971938823927
        },
        "q4": {
            "angle": 6.004801029964868,
            "threshold": 0.0001035775407285867,
            "fidelity": 93.32499999999999,
            "confusion_matrix": "./arrays.npz#results.q4.confusion_matrix",
            "rus_threshold": 2.2758169177022734e-05
        },
        "q5": {
            "angle": 0.20936569177413622,
            "threshold": 0.0002397990898249064,
            "fidelity": 88.97500000000001,
            "confusion_matrix": "./arrays.npz#results.q5.confusion_matrix",
            "rus_threshold": 0.0001395372525598486
        },
        "q6": {
            "angle": 0.5129166783502623,
            "threshold": 0.00030338604836628407,
            "fidelity": 97.125,
            "confusion_matrix": "./arrays.npz#results.q6.confusion_matrix",
            "rus_threshold": 0.00020976049995420257
        }
    },
    "figure_IQ_blobs": "./figure_IQ_blobs.png",
    "figure_fidelity": "./figure_fidelity.png",
    "initial_parameters": {
        "qubits": null,
        "num_runs": 2000,
        "reset_type_thermal_or_active": "thermal",
        "flux_point_joint_or_independent": "independent",
        "operation_name": "readout",
        "simulate": false,
        "simulation_duration_ns": 2500,
        "timeout": 100,
        "load_data_id": null,
        "multiplexed": false
    }
}